"category","avg_monthly_earnings","total_yearly_earnings"
"Shows","2037661.538461538462","317000000.00"
"Autos & Vehicles","1086350.000000000000","26300000.00"
"nan","984453.696956521739","543398628.82"
