"subscriber_tier","channel_count","avg_monthly_earnings","engagement_ratio"
"10M - 50M","951","522372.247623554154","454.247046723362739097928202"
"Trên 50M","44","2047336.383181818182","544.8114134345816900500000000000"
